Designation,Designator,Package,Quantity,,Supplier and ref
Conn_01x07_Female,"J11,J10,J9,J8",PinSocket_1x08_P2.54mm_Horizontal,4,,
0R,"R38,R37",R_0603_1608Metric,2,C21189,
100k,"R36,R35,R34,R33,R32,R31,R30,R29,R28,R27,R26,R25,R24,R23,R22,R21",R_0603_1608Metric,16,C22936,
NP,"R20,R19,R18,R17,R16,R15,R14,R13",R_0603_1608Metric,8,,
100R,"R12,R11,R10,R9,R8,R7,R6,R5",R_0603_1608Metric,8,C22775,
100n,"C23,C22,C21,C20,C19,C18,C17,C16,C14,C10,C8,C7,C6,C2,C1",C_0402_1005Metric,15,C307331,
Raspberry_Pi_2_3,J1,PinSocket_2x20_P2.54mm_Vertical,1,,
Opamp_Dual,"U9,U8,U7,U6",SOP-8_3.9x4.9mm_P1.27mm,4,C2685362,
AD5328,U5,TSSOP-16-1EP_4.4x5mm_P0.65mm,1,C29162,
7402,U4,SOIC-14_3.9x8.7mm_P1.27mm,1,C5588,
AD7606,U3,LQFP-64_10x10mm_P0.5mm,1,C16725,
REF192,U2,SOIC-8_3.9x4.9mm_P1.27mm,1,C27314,
7485,U1,SOIC-16_3.9x9.9mm_P1.27mm,1,C5953,
10k,"R4,R2,R3,R1",R_0603_1608Metric,4,C25804,
INDUCTOR,"L2,L1",L_1210_3225Metric,2,C252073,
Conn_01x02_Male,"J7,J6,J5,J4",PinHeader_1x02_P2.54mm_Vertical,4,,
Conn_01x04_Male,J3,PinHeader_1x04_P2.54mm_Vertical,1,,
Conn_02x04_Odd_Even,J2,PinHeader_2x04_P2.54mm_Vertical,1,,
10u,"C15,C13,C12,C5,C4,C3",C_0603_1608Metric,6,C96446,
1u,"C11,C9",C_0603_1608Metric,2,C15849,
